dataset,dataset_label,graph_id,method,candidate_policy,seed,steps,initial_candidate_count,candidate_count_mean,candidate_fraction_mean,inter_community_ratio_mean,boundary_ratio_mean,bridge_ratio_mean,low_cn_ratio_mean,matched_feature_difference_mean,strict_match_count,degree_only_match_count,community_only_match_count,fallback_count,initial_candidate_hash,initial_source_node_hash
realworld_completed,realworld24,bio_celegans,Random-size-matched-candidate,random_size_matched,20260513,2025,276,173.86716049382716,0.26169706606180043,0.313029994025841,0.313029994025841,0.1415120125314807,0.8228290604243508,0.6651895940362317,0,0,0,0,c8851baf4267cb32f91a1481aeb2c22bdd712127dc79d39b6c961f5f814215ef,fb2b32759565cb7b8ebb0d2ee054acfa8911f622a66b79ecab8fc2127cdc59f2
realworld_completed,realworld24,bio_celegans,SASB-candidate,sasb,20260513,2025,276,152.63802469135803,0.41182699341749024,0.6084407340528996,0.6084407340528996,0.18229715393968077,0.9473097862079062,0.0,0,0,0,0,11ac1ecfc9b0488c3a43741d799a7f0a422dbf0a1f4a2dbd2a938abe610bedb3,fb2b32759565cb7b8ebb0d2ee054acfa8911f622a66b79ecab8fc2127cdc59f2
realworld_completed,realworld24,bio_celegans,Structure-matched-candidate,structure_matched,20260513,2025,276,157.62074074074073,0.3852252732998916,0.6559263332059345,0.6559263332059345,0.17392931206757714,0.9533162376714004,0.0,319182,0,0,0,5adec6df3763c84cd31ded4bf704e0260fa0f615275a5e6ee2cde4b803e124cc,fb2b32759565cb7b8ebb0d2ee054acfa8911f622a66b79ecab8fc2127cdc59f2
realworld_completed,realworld24,bio_celegans_dir,Random-size-matched-candidate,random_size_matched,20260513,2025,276,166.2656790123457,0.2795064114760856,0.3262393091610125,0.3262393091610125,0.1562961599194571,0.6995661698325673,0.679061338213709,0,0,0,0,244bd5e4d552463c32167f4a5b39674744cc17305610629841e44c6bd2d5f7d0,6ce4e5f1e84a59e96825f512b0ae67ce5b232e05ffb806d6949660dae7297e29
realworld_completed,realworld24,bio_celegans_dir,SASB-candidate,sasb,20260513,2025,276,151.04543209876545,0.41062102498924025,0.5974985003361385,0.5974985003361385,0.16561758055899792,0.8971180879129617,0.0,0,0,0,0,b3fc0ec3958dfc8f87590a67f1ac85a470d6a6395be9a47d8658ecce91a7c844,6ce4e5f1e84a59e96825f512b0ae67ce5b232e05ffb806d6949660dae7297e29
realworld_completed,realworld24,bio_celegans_dir,Structure-matched-candidate,structure_matched,20260513,2025,276,154.97925925925927,0.39052728045078217,0.6309442580330727,0.6309442580330727,0.1647680578077567,0.8926974945162622,0.0,313833,0,0,0,07dff8ac9c55db0da79086c0d4b5d6f40dd7dc758acb4c6284bf6b63129f6c2b,6ce4e5f1e84a59e96825f512b0ae67ce5b232e05ffb806d6949660dae7297e29
realworld_completed,realworld24,bio_celegansneural,Random-size-matched-candidate,random_size_matched,20260513,2148,264,169.2425512104283,0.2335246880762945,0.33237788743333246,0.33237788743333246,0.0653625533757402,0.8053210572340226,0.5719601290462342,0,0,0,0,bf84cab86524e81a47bf831a51a18235d8c124eaff88dde53fa7d98dac9c6eef,853dc74a9c0e137219276eda92823b77575c0b8454effe1c559465a725645b61
realworld_completed,realworld24,bio_celegansneural,SASB-candidate,sasb,20260513,2148,264,158.47858472998138,0.3409662289613929,0.6345006642675323,0.6345006642675323,0.098141717694882,0.914939698800921,0.0,0,0,0,0,ad4a592257bc236fb200a2713c68b5bd87a810d05878a92ed00b495d59064f45,853dc74a9c0e137219276eda92823b77575c0b8454effe1c559465a725645b61
realworld_completed,realworld24,bio_celegansneural,Structure-matched-candidate,structure_matched,20260513,2148,264,162.0768156424581,0.3188569141425637,0.7101007795409912,0.7101007795409912,0.09699451587404694,0.9187387051838911,0.0,348141,0,0,0,804d287e4d8482e94276eb478969fbe62c916a0129e6b386c33adf9238c98d75,853dc74a9c0e137219276eda92823b77575c0b8454effe1c559465a725645b61
realworld_completed,realworld24,bio_diseasome,Random-size-matched-candidate,random_size_matched,20260513,1188,216,48.24242424242424,0.7243324461868396,0.13789162697633536,0.13789162697633536,0.32659912538481606,0.7172250483522878,0.1829020919342094,0,0,0,0,833dd44f1093b35a16ef909b106faf821dcb3a59d4a6d78f902feb85af07baed,e7b4de9a0d533b19066ba399d2251a95ff9ddba4980e8e5b686152103cffbf9d
realworld_completed,realworld24,bio_diseasome,SASB-candidate,sasb,20260513,1188,216,42.84848484848485,0.7756650728503658,0.22337355776531623,0.22337355776531623,0.34404202551085594,0.7756968541355891,0.0,0,0,0,0,f05f6bc9ba95cddf1b9f4cb8d530e4ec4a8bb8b6ddd4f614763d84e319df9634,e7b4de9a0d533b19066ba399d2251a95ff9ddba4980e8e5b686152103cffbf9d
realworld_completed,realworld24,bio_diseasome,Structure-matched-candidate,structure_matched,20260513,1188,216,43.90993265993266,0.7616600369402527,0.22554733054978093,0.22554733054978093,0.3347657286298235,0.7817332155935228,0.0,52165,0,0,0,b4e3c49439bd175fac1327be997beb078e13e68d6a38d6d7b192c2d81d30690c,e7b4de9a0d533b19066ba399d2251a95ff9ddba4980e8e5b686152103cffbf9d
realworld_completed,realworld24,bio_grid_mouse,Random-size-matched-candidate,random_size_matched,20260513,1098,222,37.03187613843352,0.7827633920517051,0.2088969921648815,0.2088969921648815,0.5646019626475668,0.9478485479836273,0.16761467504406813,0,0,0,0,7622610be02572c8d677c35e59361750f7e57ea6778f26080f317eef7d6d3129,3986b6c5450ed798c2539ffc95215b91d67d3dcb04d4cc0469776dc0ad984e74
realworld_completed,realworld24,bio_grid_mouse,SASB-candidate,sasb,20260513,1098,222,35.11566484517304,0.8184145697334919,0.25840960075181546,0.25840960075181546,0.5834140847686273,0.9630927019611442,0.0,0,0,0,0,12024e2dbf7f24f0252992c64c0794892fdbdd14796f0397994d9ef5bd814d9b,3986b6c5450ed798c2539ffc95215b91d67d3dcb04d4cc0469776dc0ad984e74
realworld_completed,realworld24,bio_grid_mouse,Structure-matched-candidate,structure_matched,20260513,1098,222,35.100182149362475,0.8202993152815572,0.28590172002021125,0.28590172002021125,0.5816206332050298,0.9634722447787204,0.0,38540,0,0,0,c64ab9fafbdbee6aaee6312c860a60f45d2011a10e429310ba6ebca8eeb1ce72,3986b6c5450ed798c2539ffc95215b91d67d3dcb04d4cc0469776dc0ad984e74
realworld_completed,realworld24,bio_grid_plant,Random-size-matched-candidate,random_size_matched,20260513,2726,374,74.91746148202495,0.6393019320745389,0.1797007739093771,0.1797007739093771,0.42846775479031857,0.8457367213747716,0.2048504610814053,0,0,0,0,896c7aea17ea0f779f76eda469b99fbe2741f97dca8ff30d48193701b2877fa5,2f239a7eb86c452473bef5651e6023307cfdf39566e8372e6ae71656505f9a0c
realworld_completed,realworld24,bio_grid_plant,SASB-candidate,sasb,20260513,2726,374,89.99376375641967,0.6928475006011899,0.21390172861270976,0.21390172861270976,0.4253956210320494,0.9027461488881232,0.0,0,0,0,0,4bb4d3ca8fb2338571abf28c3dd0dd351ba26fc051c424ed84294a2dfa9f6ce3,2f239a7eb86c452473bef5651e6023307cfdf39566e8372e6ae71656505f9a0c
realworld_completed,realworld24,bio_grid_plant,Structure-matched-candidate,structure_matched,20260513,2726,374,68.16177549523111,0.6971296071212918,0.27922120215818497,0.27922120215818497,0.41645741185443036,0.8952477719846124,0.0,185809,0,0,0,4eb39946bce06989f56db9c2dcc4646d5a2f242e375ad0bed2f75d1e66817cf2,2f239a7eb86c452473bef5651e6023307cfdf39566e8372e6ae71656505f9a0c
realworld_completed,realworld24,bio_sc_ts,Random-size-matched-candidate,random_size_matched,20260513,2211,198,133.03392130257802,0.18663802955842806,0.3533467650940513,0.3533467650940513,0.002697335904037049,0.42594418502987214,0.42066917616406563,0,0,0,0,8088e681e8c3b45c3c78cf83bb38b7a6a6f9d10d180951e90c65e7fd32984f04,3f0cf116ea6f33eeeb1d3a559852555a49013d44ed296e066c26bac276a0fb23
realworld_completed,realworld24,bio_sc_ts,SASB-candidate,sasb,20260513,2211,198,129.4554500226142,0.25191801691037996,0.6049114036841183,0.6049114036841183,0.013481465573307745,0.6943399341548447,0.0,0,0,0,0,eb18b2b110e383e8a1c83fb45776fb6fb6ea37ea806f69e4b68233b7ceb94635,3f0cf116ea6f33eeeb1d3a559852555a49013d44ed296e066c26bac276a0fb23
realworld_completed,realworld24,bio_sc_ts,Structure-matched-candidate,structure_matched,20260513,2211,198,131.5174129353234,0.21321828777038832,0.7049967294337087,0.7049967294337087,0.009098273383100328,0.593962404457073,0.0,290785,0,0,0,bada29c7f8ac682a70c869705a235308ffdc914ac8858c228c36b4fd1fa00749,3f0cf116ea6f33eeeb1d3a559852555a49013d44ed296e066c26bac276a0fb23
realworld_completed,realworld24,ca_csphd,Random-size-matched-candidate,random_size_matched,20260513,1043,224,11.108341323106425,0.9809175758544415,0.0579158284606384,0.0579158284606384,0.9954377734113257,0.9998463780355163,0.008186393053913955,0,0,0,0,f707a43f287d7f106ba5cfa65ac2eee7faef39739c2482427955be76bc40f25a,70563d504c6c9df6e46b0c33a7765a935abc6392941ebfa192ba34aa9ae1c42a
realworld_completed,realworld24,ca_csphd,SASB-candidate,sasb,20260513,1043,224,10.679769894534996,0.9833503577714501,0.06154303772494915,0.06154303772494915,0.9929727681583742,0.9997181583214929,0.0,0,0,0,0,13974d1edc088668fe4d293298a4d5ead2ae25a50085a2627e2c0c4bdccc5c69,70563d504c6c9df6e46b0c33a7765a935abc6392941ebfa192ba34aa9ae1c42a
realworld_completed,realworld24,ca_csphd,Structure-matched-candidate,structure_matched,20260513,1043,224,10.675934803451582,0.9833962721230307,0.06114209283054113,0.06114209283054113,0.9929384909707092,0.9997181583214929,0.0,11135,0,0,0,3fbf47718c3ef8a9be88030dc159c0e3dbc00d9b2303b7f020b724e6db885466,70563d504c6c9df6e46b0c33a7765a935abc6392941ebfa192ba34aa9ae1c42a
realworld_completed,realworld24,ca_netscience,Random-size-matched-candidate,random_size_matched,20260513,914,180,32.07768052516411,0.8835075920095348,0.13818918022910862,0.13818918022910862,0.29362801428079677,0.6408836725609176,0.06965355797138148,0,0,0,0,6ac88a22680c95bf4594fb28361227901ccfe2ce352a322d4e98fec82d1ba3d1,a982535c6f0a7764b25bde0f073e4410f897da11bed70e94a4a47a1675e89d93
realworld_completed,realworld24,ca_netscience,SASB-candidate,sasb,20260513,914,180,29.26805251641138,0.9003693318825932,0.1803405766927126,0.1803405766927126,0.2862246828446072,0.6620303244939081,0.0,0,0,0,0,15b4dcb2f7181514e3886d4b3a59e4d8c5aa6b2ac0ea455c9029106fae93837d,a982535c6f0a7764b25bde0f073e4410f897da11bed70e94a4a47a1675e89d93
realworld_completed,realworld24,ca_netscience,Structure-matched-candidate,structure_matched,20260513,914,180,29.685995623632387,0.8992757638553461,0.17767985229639982,0.17767985229639982,0.2887696941036191,0.6599358816529377,0.0,27133,0,0,0,91fa5701fc94bb8a06574ad9e7f41b53527dc94a3d8734e581dab79dd0543cda,a982535c6f0a7764b25bde0f073e4410f897da11bed70e94a4a47a1675e89d93
realworld_completed,realworld24,football,Random-size-matched-candidate,random_size_matched,20260513,613,118,75.94616639477977,0.41008501819088344,0.14264201502488055,0.14264201502488055,0.161236282052424,0.6766044680911789,0.45288595458086495,0,0,0,0,9d52f7b95232c9947a71e636b4976f7ec312a512c1457b3493812d6edcf28762,0a06e0e5fdb166463dc18fbbb70dd5fb980a3ac74f2a928ef6f8ad90866d114b
realworld_completed,realworld24,football,SASB-candidate,sasb,20260513,613,118,67.87928221859707,0.5068804718150014,0.353534287368182,0.353534287368182,0.19631410284405246,0.8883742573251522,0.0,0,0,0,0,9c7933bde65b54a308ed6a846a53130d7b85a6a3429fb5052e99b2eddf8f83a0,0a06e0e5fdb166463dc18fbbb70dd5fb980a3ac74f2a928ef6f8ad90866d114b
realworld_completed,realworld24,football,Structure-matched-candidate,structure_matched,20260513,613,118,73.74388254486134,0.44216895170321285,0.38527770203365086,0.38527770203365086,0.17381946570956672,0.9313191819489175,0.0,45205,0,0,0,a821686276d742ac79686eb3e2485ed888e3b709775ec5719221e847baeb1069,0a06e0e5fdb166463dc18fbbb70dd5fb980a3ac74f2a928ef6f8ad90866d114b
realworld_completed,realworld24,ia_email_univ,Random-size-matched-candidate,random_size_matched,20260513,5451,512,306.20803522289486,0.265534637219225,0.14475355608883902,0.14475355608883902,0.19451113109019472,0.667989551642306,0.5901225704088423,0,0,0,0,b9d6d5627378a1cd1aab81ef0931e2da1755793448896e8189cec6b0a23100af,244c1e586cf3136526bced6bccacd86641ed3f473dac92146edac46a9fe7588c
realworld_completed,realworld24,ia_email_univ,SASB-candidate,sasb,20260513,5451,512,288.44542285819114,0.37437612442511375,0.4669677444302765,0.4669677444302765,0.18448468409303478,0.8537212183194344,0.0,0,0,0,0,401381a4c621249af4468e6c06dc6a33da07123dbe32235cdb6e5681dcce1771,244c1e586cf3136526bced6bccacd86641ed3f473dac92146edac46a9fe7588c
realworld_completed,realworld24,ia_email_univ,Structure-matched-candidate,structure_matched,20260513,5451,512,300.14639515685195,0.3368040195957276,0.48244636966292365,0.48244636966292365,0.1723724085422898,0.8765949344240168,0.0,1636098,0,0,0,41148b99bfe3397d14fd8814d1fe80b090d728b1ef94611fac7fd1f95cfe8e40,244c1e586cf3136526bced6bccacd86641ed3f473dac92146edac46a9fe7588c
realworld_completed,realworld24,ia_enron_only,Random-size-matched-candidate,random_size_matched,20260513,623,124,79.42375601926163,0.41639035601223723,0.22592070728029662,0.22592070728029662,0.17587353531190272,0.8470383088282812,0.4666348900215027,0,0,0,0,d769961ffa16db78478a8efd31346f08ca69d0c2e73a064dbce58278ad62252e,73079c23534a97c6572ae84f039443079a78d8fbc91dafa6ac6f3d94c8a25308
realworld_completed,realworld24,ia_enron_only,SASB-candidate,sasb,20260513,623,124,69.56500802568219,0.5236378027622299,0.4611951234403407,0.4611951234403407,0.204924622452945,0.9372642347892931,0.0,0,0,0,0,479c947e9cd496a64a9e0018e19d323a86d5bf1fd2493ecc53b630cee0d66dde,73079c23534a97c6572ae84f039443079a78d8fbc91dafa6ac6f3d94c8a25308
realworld_completed,realworld24,ia_enron_only,Structure-matched-candidate,structure_matched,20260513,623,124,78.39807383627608,0.44535483855720087,0.5518978807112522,0.5518978807112522,0.18559716947119878,0.965028788274188,0.0,48842,0,0,0,2021dc984ffa83f941f625c5d73f7d29d8159adb5dcb04bc901185765c951807,73079c23534a97c6572ae84f039443079a78d8fbc91dafa6ac6f3d94c8a25308
realworld_completed,realworld24,ia_infect_dublin,Random-size-matched-candidate,random_size_matched,20260513,2765,317,202.5142857142857,0.24418327228464268,0.12372850655496338,0.12372850655496338,0.08974518807081125,0.7246021460911982,0.5721534644140687,0,0,0,0,32f21025e25a8a4fc40b4ed458fae95e4574a0d998278078b55f6a53ef8e96ef,27b14dfec99b92f6ddd2122e1327c45bd808263953282d245faab27797bbfaf2
realworld_completed,realworld24,ia_infect_dublin,SASB-candidate,sasb,20260513,2765,317,166.31573236889693,0.38386158843553114,0.39862628857110943,0.39862628857110943,0.12343692224117231,0.9060666009056859,0.0,0,0,0,0,cd79996a3fabfb57c370ea75abc904d5a8ad1370cc414328c09f0169b4aa7ca0,27b14dfec99b92f6ddd2122e1327c45bd808263953282d245faab27797bbfaf2
realworld_completed,realworld24,ia_infect_dublin,Structure-matched-candidate,structure_matched,20260513,2765,317,185.92043399638337,0.32118174638865166,0.45856960608018954,0.45856960608018954,0.11005355503682972,0.9449397308733881,0.0,514070,0,0,0,60b5947516b99c672ebd1f9d8c8b374f4bb4c9f1f080720d514170dbdac1cc0a,27b14dfec99b92f6ddd2122e1327c45bd808263953282d245faab27797bbfaf2
realworld_completed,realworld24,ia_infect_hyper,Random-size-matched-candidate,random_size_matched,20260513,2196,222,147.31967213114754,0.20341153296501194,0.5804277921165315,0.5804277921165315,0.03876904899969041,0.5803914560491098,0.4327343223894603,0,0,0,0,e8c499b99324500976909259553b723534967ee445442026a80f0b5dfb57f652,a47f3ae3e5afeabb84fdce4b7aa9d25dc5ea53835c0bc8eecc3fc63c1cd2934f
realworld_completed,realworld24,ia_infect_hyper,SASB-candidate,sasb,20260513,2196,222,146.8292349726776,0.22362523217453203,0.8010252336627005,0.8010252336627005,0.043676204340616566,0.8133112754991308,0.0,0,0,0,0,2f5c51dd9ae772fe9b6e0dc8eef585b6c40eb44c0b601fc351a8edd60aa2279a,a47f3ae3e5afeabb84fdce4b7aa9d25dc5ea53835c0bc8eecc3fc63c1cd2934f
realworld_completed,realworld24,ia_infect_hyper,Structure-matched-candidate,structure_matched,20260513,2196,222,147.74134790528234,0.21396797768016648,0.8644463740779458,0.8644463740779458,0.04419979879507944,0.7885070084837417,0.0,324440,0,0,0,f6ff36d815dfa204a2a8ec9719cddcd1c0958540b599b25b0a1658f875a12ff4,a47f3ae3e5afeabb84fdce4b7aa9d25dc5ea53835c0bc8eecc3fc63c1cd2934f
realworld_completed,realworld24,ia_radoslaw_email,Random-size-matched-candidate,random_size_matched,20260513,3250,292,189.89353846153847,0.16973721821013146,0.5826975219719254,0.5826975219719254,0.033759074443053434,0.8037682003324136,0.3830076781320585,0,0,0,0,2641636f93fcd6a8625aea1046f38ada39716ae9dd76d3e8cace620fa6f5f47a,507ddf15f1eef8ca022a802204d84d73de641aeed122baa12d2964d86b11afc4
realworld_completed,realworld24,ia_radoslaw_email,SASB-candidate,sasb,20260513,3250,292,189.7363076923077,0.22932974138600096,0.7245381269366811,0.7245381269366811,0.049083881393631304,0.9214416771466986,0.0,0,0,0,0,eab6aadc5588be9359b6b9e547285d0cd265f86919a5697667679dcbfd76957c,507ddf15f1eef8ca022a802204d84d73de641aeed122baa12d2964d86b11afc4
realworld_completed,realworld24,ia_radoslaw_email,Structure-matched-candidate,structure_matched,20260513,3250,292,186.992,0.24111504431633196,0.8825887078349988,0.8825887078349988,0.0327147438694989,0.8610255387932209,0.0,607724,0,0,0,79eee9008c320543a4106efde8d7424cd9e7e70b83c3b6bafdbf9466c2502b8f,507ddf15f1eef8ca022a802204d84d73de641aeed122baa12d2964d86b11afc4
realworld_completed,realworld24,inf_euroroad,Random-size-matched-candidate,random_size_matched,20260513,1305,251,22.35785440613027,0.9211348283450526,0.1285613711690594,0.1285613711690594,0.7654601308076412,0.9992164212825353,0.04020339077202707,0,0,0,0,4329eb28e5eb75fce8168dc3b643e37a4b231b38302f06e486bfa4288b73b191,2f375455dab96b0d0686335f1f85ad94fa14e304e1526789723d32757983a2b7
realworld_completed,realworld24,inf_euroroad,SASB-candidate,sasb,20260513,1305,251,19.24904214559387,0.934701672526809,0.15523770516561575,0.15523770516561575,0.737487405662354,0.9994934546811812,0.0,0,0,0,0,800977fb2c431f5973b6a9c8768cd89863e828efec88b5c469e4c6231adcfdd9,2f375455dab96b0d0686335f1f85ad94fa14e304e1526789723d32757983a2b7
realworld_completed,realworld24,inf_euroroad,Structure-matched-candidate,structure_matched,20260513,1305,251,19.480459770114944,0.9342957211454146,0.157392521154467,0.157392521154467,0.7383502898237224,0.9996013578943899,0.0,25422,0,0,0,0b63f1c7accc4a9fe3af2ec27a3bf8d4a08ad6d7bf890600b326636ea70bdda3,2f375455dab96b0d0686335f1f85ad94fa14e304e1526789723d32757983a2b7
realworld_completed,realworld24,inf_power,Random-size-matched-candidate,random_size_matched,20260513,6594,512,24.685471640885655,0.9215740175460706,0.1309608961846888,0.1309608961846888,0.7077975700012404,0.9649979253379111,0.044195458378404405,0,0,0,0,fb36cfbee5cbe3aac078e705bfd7a46808a37266c834ef1dc2a01d1e67d69793,5f200548fa63e5257c25f8d781d5e35bfe8fa6094dafeeb9de78d66ecc04400d
realworld_completed,realworld24,inf_power,SASB-candidate,sasb,20260513,6594,512,22.795875037913255,0.9312105243775651,0.15629809308409212,0.15629809308409212,0.6846372195457539,0.9632335764330121,0.0,0,0,0,0,0634f8a7776597a5fd8e3a9e686a0bf45f144c8f03a7f01b0f3090288ee3a076,5f200548fa63e5257c25f8d781d5e35bfe8fa6094dafeeb9de78d66ecc04400d
realworld_completed,realworld24,inf_power,Structure-matched-candidate,structure_matched,20260513,6594,512,22.48589626933576,0.9309872977140036,0.1560936658300317,0.1560936658300317,0.683151877861524,0.960790186627649,0.0,148272,0,0,0,798c235f726b4b2641ff9c024002484aa967895d9bef69fa6bd7c552435dd1e9,5f200548fa63e5257c25f8d781d5e35bfe8fa6094dafeeb9de78d66ecc04400d
realworld_completed,realworld24,inf_usair97,Random-size-matched-candidate,random_size_matched,20260513,2126,268,154.50611476952022,0.24640318755857682,0.34786885898615505,0.34786885898615505,0.07645672763178918,0.7451325350157291,0.5344071915377714,0,0,0,0,1b545d07a644835e8e554dd208eefcc6087f8786f0d8ad4f4943005ab5535365,c3e44823514d4dfeac7aab4c3a3b99bde5761c85df970a32e978d102e5ab311f
realworld_completed,realworld24,inf_usair97,SASB-candidate,sasb,20260513,2126,268,153.42991533396048,0.3671838650818508,0.5834384548038494,0.5834384548038494,0.09868555621959454,0.8839736785119616,0.0,0,0,0,0,e48b3b06a8fb6a17e97d4da2157076591f2ea25a36d38d41507a9b6643adef1d,c3e44823514d4dfeac7aab4c3a3b99bde5761c85df970a32e978d102e5ab311f
realworld_completed,realworld24,inf_usair97,Structure-matched-candidate,structure_matched,20260513,2126,268,155.78974600188147,0.36119050838424527,0.6814706913090979,0.6814706913090979,0.1061658447103431,0.8736100581191353,0.0,331209,0,0,0,78e55126d9e2f8ea05147fac27edfab3ddcbdc73e001aeb2a7b5013bc0209f6e,c3e44823514d4dfeac7aab4c3a3b99bde5761c85df970a32e978d102e5ab311f
realworld_completed,realworld24,rt_retweet,Random-size-matched-candidate,random_size_matched,20260513,117,64,12.623931623931623,0.9714820432478751,0.11483432388895057,0.11483432388895057,0.8773951714541808,0.9800382929079475,0.01798433048433048,0,0,0,0,79f6365f71d2d8812d9f98ea82f7172ad157cff421295322ed4a09d89189497d,86f974db1223ef053794a0576b6987b0a0b88b47f5f73f565371bf33fca31936
realworld_completed,realworld24,rt_retweet,SASB-candidate,sasb,20260513,117,64,12.333333333333334,0.9735558147684948,0.12472968678325183,0.12472968678325183,0.869956467284603,0.9754483787436291,0.0,0,0,0,0,0a5ac2e45c5ade101a7bccbbda86b38fefebff33f7af1cb9286b60e6b209914f,86f974db1223ef053794a0576b6987b0a0b88b47f5f73f565371bf33fca31936
realworld_completed,realworld24,rt_retweet,Structure-matched-candidate,structure_matched,20260513,117,64,12.222222222222221,0.97376952788259,0.12709186903024894,0.12709186903024894,0.8730820013772496,0.9765167548120052,0.0,1430,0,0,0,185cbe7b4cad4d979ab94964f600f06989c34b64f88ab26a56919200b73d6011,86f974db1223ef053794a0576b6987b0a0b88b47f5f73f565371bf33fca31936
realworld_completed,realworld24,rt_twitter_copen,Random-size-matched-candidate,random_size_matched,20260513,1029,213,70.29251700680273,0.6376441625061102,0.09664494379069967,0.09664494379069967,0.7648849090130985,0.9845669965727673,0.2569552521941894,0,0,0,0,b5b97b0118716d3fb4c08f6c526b2413c9225b32a9ed932c061a49cf9734420d,530fca2f52bfd43ca6876cfd2b46f6e6866af5c65bbc726b1873b606ce57b36e
realworld_completed,realworld24,rt_twitter_copen,SASB-candidate,sasb,20260513,1029,213,62.61321671525753,0.7085011084864652,0.20106085431758344,0.20106085431758344,0.7317080360346854,0.9782339278225654,0.0,0,0,0,0,c627a296af3045ec8d4bcc9ffffabe685a0dab8796c6020dfc8211fa5ec7c271,530fca2f52bfd43ca6876cfd2b46f6e6866af5c65bbc726b1873b606ce57b36e
realworld_completed,realworld24,rt_twitter_copen,Structure-matched-candidate,structure_matched,20260513,1029,213,61.31778425655977,0.6962771885774338,0.20734776795398455,0.20734776795398455,0.7142508487661289,0.981178191522728,0.0,63096,0,0,0,127f5a617081175dc6298902deb21f33d8be1871593ad33e15d484eb264ab120,530fca2f52bfd43ca6876cfd2b46f6e6866af5c65bbc726b1873b606ce57b36e
realworld_completed,realworld24,soc_dolphins,Random-size-matched-candidate,random_size_matched,20260513,159,64,33.36477987421384,0.9237940001393372,0.2023160228849219,0.2023160228849219,0.30010976402427825,0.7458205850141036,0.04939727463312368,0,0,0,0,2c9c293bb538f76f68b4f1e00abaa82ab9fe23f548cb8b6b708cbb66f0991837,d389243c900c391b360c6d569d699ff0bb2ae0791285008b7e0088adf625bdb6
realworld_completed,realworld24,soc_dolphins,SASB-candidate,sasb,20260513,159,64,33.528301886792455,0.9251146810791412,0.23990365616881112,0.23990365616881112,0.2965843864277922,0.7612963901190442,0.0,0,0,0,0,479f0682428f5c0dca0ad143569aead2b55041c99ee1acdc9d22c65165d1b5a8,d389243c900c391b360c6d569d699ff0bb2ae0791285008b7e0088adf625bdb6
realworld_completed,realworld24,soc_dolphins,Structure-matched-candidate,structure_matched,20260513,159,64,33.84905660377358,0.9247710354435863,0.23755764740704333,0.23755764740704333,0.2962721163837058,0.7598563991364327,0.0,5382,0,0,0,8d8951eaac6a453101c6c79023dc20df1ae66b266b700d5f957ebba3aa49ce3f,d389243c900c391b360c6d569d699ff0bb2ae0791285008b7e0088adf625bdb6
realworld_completed,realworld24,soc_wiki_vote,Random-size-matched-candidate,random_size_matched,20260513,2914,367,155.61015785861358,0.3903066217998816,0.20706881107504324,0.20706881107504324,0.2002836408617994,0.6707749303187455,0.4871263586033024,0,0,0,0,df234c48e3808c7ed0fb3baa854e4d32177dbb9b7324964bdb1dfe6eafb39a11,5a56b75923e6e0b332cb820771150702e8954954e3be3067ec26c5da4a406c58
realworld_completed,realworld24,soc_wiki_vote,SASB-candidate,sasb,20260513,2914,367,142.17433081674673,0.49111733335331387,0.5094981549308638,0.5094981549308638,0.24621644476693214,0.7898998675836295,0.0,0,0,0,0,f8f07c7ece00ed91a39f493016584d82059dba3c0455230b952578e9a7215bf2,5a56b75923e6e0b332cb820771150702e8954954e3be3067ec26c5da4a406c58
realworld_completed,realworld24,soc_wiki_vote,Structure-matched-candidate,structure_matched,20260513,2914,367,141.46396705559368,0.4841384351436298,0.4959652979802788,0.4959652979802788,0.24274714581994739,0.8044722361344121,0.0,412226,0,0,0,7d06845df25fa84281dc60c19877b936331fb774cb5bf6f6647b1ab0e346b37a,5a56b75923e6e0b332cb820771150702e8954954e3be3067ec26c5da4a406c58
realworld_completed,realworld24,web_edu,Random-size-matched-candidate,random_size_matched,20260513,6474,512,82.52934816187829,0.7228177388929423,0.1654300700208728,0.1654300700208728,0.38920730814979027,0.6641743217274318,0.13451562472399556,0,0,0,0,ce7d32901c164dc09d85c95b91d7c38a1528c46d1399fe4180429f04d3f21ae7,72344861f623be8cd534b41ea3fc5b12abc36e79af965716ee37d9a87fb350eb
realworld_completed,realworld24,web_edu,SASB-candidate,sasb,20260513,6474,512,75.92199567500772,0.7615979360782278,0.23208436282130082,0.23208436282130082,0.42357461984034656,0.6642316474863514,0.0,0,0,0,0,e7c68ae971b022c6f561150da0f117b6139bcb7acda2b20c0ba3e7627f1cf5cb,72344861f623be8cd534b41ea3fc5b12abc36e79af965716ee37d9a87fb350eb
realworld_completed,realworld24,web_edu,Structure-matched-candidate,structure_matched,20260513,6474,512,76.76382452888477,0.7497131976283948,0.2314131540701891,0.2314131540701891,0.4263528010532403,0.6905049795261059,0.0,496969,0,0,0,2ad3ff1b8852c51fd8e93d9c968d09b9c919516dc607a1c3b950c0d335e1b109,72344861f623be8cd534b41ea3fc5b12abc36e79af965716ee37d9a87fb350eb
realworld_completed,realworld24,web_polblogs,Random-size-matched-candidate,random_size_matched,20260513,2280,309,134.6421052631579,0.36476139581978473,0.2847482776216614,0.2847482776216614,0.19521298401898737,0.8085911322588984,0.5272294606405251,0,0,0,0,57853837ed346631cc6b2b324bf9e2b41c35c1ad874d99a81f0b6b5093316e3a,3952b4144b7bdf18dec69e0c54d7a4beea99dcbe6fec9bc83454172b8275e649
realworld_completed,realworld24,web_polblogs,SASB-candidate,sasb,20260513,2280,309,156.13377192982455,0.4339711659082512,0.4721358727238153,0.4721358727238153,0.24378002953599062,0.9084400168626336,0.0,0,0,0,0,aa087b7a3f6fecbdfe3bd4b98e7f1183f7f2fc756cac22a1bace1737e924d9ca,3952b4144b7bdf18dec69e0c54d7a4beea99dcbe6fec9bc83454172b8275e649
realworld_completed,realworld24,web_polblogs,Structure-matched-candidate,structure_matched,20260513,2280,309,148.334649122807,0.4285832585757245,0.5457539304088909,0.5457539304088909,0.23551021268737565,0.9067864196930582,0.0,338203,0,0,0,66410bba64301788185cdf6d52351e684c30cea4bfed5e299dcd28bbd220dc81,3952b4144b7bdf18dec69e0c54d7a4beea99dcbe6fec9bc83454172b8275e649
synthetic45,synthetic45,synthetic_test_000,Random-size-matched-candidate,random_size_matched,20260513,388,98,58.69072164948454,0.5376427212362715,0.24791109852802012,0.24791109852802012,0.33078438092213797,0.9945446308747476,0.3013141801068174,0,0,0,0,5125828b6141cbb59cfb00f597a600e537f2ac13faea4911ee09bdb1de8aa880,39e4c861d83d5b3daba316c3c7149425222b0d196a794f7cfdbd5a924cb2e92b
synthetic45,synthetic45,synthetic_test_000,SASB-candidate,sasb,20260513,388,98,56.824742268041234,0.5553636063573203,0.5240937954223772,0.5240937954223772,0.34904774427819446,0.9997116416123495,0.0,0,0,0,0,b0d5428e5962878bb31ccc5d8f8943ae0f39ad3105fb8b84ce09f96f9720346e,39e4c861d83d5b3daba316c3c7149425222b0d196a794f7cfdbd5a924cb2e92b
synthetic45,synthetic45,synthetic_test_000,Structure-matched-candidate,structure_matched,20260513,388,98,59.2319587628866,0.537051953062804,0.5493114887340206,0.5493114887340206,0.32042406178402066,0.9995590262340804,0.0,22982,0,0,0,f0600faf9d07e69ffe24a899cd2cfea408f387d0efbd64d5744ab51dc323a284,39e4c861d83d5b3daba316c3c7149425222b0d196a794f7cfdbd5a924cb2e92b
synthetic45,synthetic45,synthetic_test_001,Random-size-matched-candidate,random_size_matched,20260513,1010,169,86.15049504950495,0.5100208050186374,0.15705277373071297,0.15705277373071297,0.17868816471541085,0.42393376952198014,0.41646712616309883,0,0,0,0,205c685f712434e6615d76f5dcbe06ddc605fa7993605fdad43e980f87ad8af5,3f98cd5e46373c465d65e3563bd09c3e616d387b76cb8f9de074f817b8a7e53a
synthetic45,synthetic45,synthetic_test_001,SASB-candidate,sasb,20260513,1010,169,96.0029702970297,0.45426688008534793,0.42241433665213185,0.42241433665213185,0.1884660528456957,0.7396955308983397,0.0,0,0,0,0,97be54dc1b2dadbab17415b62b7f6e839bbff59e268733529754e94fdeae8e17,3f98cd5e46373c465d65e3563bd09c3e616d387b76cb8f9de074f817b8a7e53a
synthetic45,synthetic45,synthetic_test_001,Structure-matched-candidate,structure_matched,20260513,1010,169,89.4881188118812,0.4816812414363634,0.40793610179314177,0.40793610179314177,0.18250725055328698,0.7081432781910926,0.0,90383,0,0,0,684bd1e5af1290adf7b0b453c00802a1cbf248f87fc3b42d2abcf1c52ff9e0f7,3f98cd5e46373c465d65e3563bd09c3e616d387b76cb8f9de074f817b8a7e53a
synthetic45,synthetic45,synthetic_test_002,Random-size-matched-candidate,random_size_matched,20260513,208,65,31.447115384615383,0.8412503131927365,0.2594474407036657,0.2594474407036657,0.3371949840115891,0.9836438447072158,0.11261980707593687,0,0,0,0,e816d1e1f635ca1937fc3d783489a94e733ab97e7e058ad89c5ba09611e4bb8b,dc3f45108aab842625ba407d285965ed6df1f2a497b407cd03471c1e3d8227ea
synthetic45,synthetic45,synthetic_test_002,SASB-candidate,sasb,20260513,208,65,31.533653846153847,0.792954220209342,0.3688165360609053,0.3688165360609053,0.34594185461800914,0.9910014571792084,0.0,0,0,0,0,0f19d6606b058884280d35684e7264c9369abdab453793e123a8ade8ab631672,dc3f45108aab842625ba407d285965ed6df1f2a497b407cd03471c1e3d8227ea
synthetic45,synthetic45,synthetic_test_002,Structure-matched-candidate,structure_matched,20260513,208,65,31.216346153846153,0.7819764905203308,0.39303975686671744,0.39303975686671744,0.3342977746159325,0.9923454427965276,0.0,6493,0,0,0,613b997e827e86cb6e9cdce39bbbb370526c07f333cf4ac8a00df2879698636d,dc3f45108aab842625ba407d285965ed6df1f2a497b407cd03471c1e3d8227ea
synthetic45,synthetic45,synthetic_test_003,Random-size-matched-candidate,random_size_matched,20260513,1123,180,118.11843276936777,0.31165336816172956,0.41991921384445235,0.41991921384445235,0.12439638318941258,0.9793648198730057,0.4160652615559874,0,0,0,0,33fd7a80f0ecd57565deefb827d50d099700beee4315780a050dd06c288fc6e2,297d85e1c620a4a476baeb7147f8e001c3086197bd0577ba0e34c022353cdb79
synthetic45,synthetic45,synthetic_test_003,SASB-candidate,sasb,20260513,1123,180,111.2226179875334,0.37784455319899957,0.7428462383405947,0.7428462383405947,0.1745309970952573,0.9961554160136716,0.0,0,0,0,0,fb2ff80e3577d1e1e1637c4204c297d0d3ec080db36005fc74e6d73e5e05b69a,297d85e1c620a4a476baeb7147f8e001c3086197bd0577ba0e34c022353cdb79
synthetic45,synthetic45,synthetic_test_003,Structure-matched-candidate,structure_matched,20260513,1123,180,112.30721282279609,0.36455057704178095,0.7647688639910312,0.7647688639910312,0.15256818967620708,0.9966444431971595,0.0,126121,0,0,0,278742ecb1b7be6642549c102aff5ad7ecf8d80ebc70acf3ac859580555d755a,297d85e1c620a4a476baeb7147f8e001c3086197bd0577ba0e34c022353cdb79
synthetic45,synthetic45,synthetic_test_004,Random-size-matched-candidate,random_size_matched,20260513,204,67,36.82843137254902,0.7793331236927492,0.20371175634653935,0.20371175634653935,0.5065277192353034,0.995646144120581,0.16254558938931193,0,0,0,0,c551661b4f2cf77c21cb5b97b595be3a456cbc2c84f47b6080d61f1d1c4ee242,4bbc289f4cac08c2b8feddcc7babb352cd4a5447245490479af4bda1926960ae
synthetic45,synthetic45,synthetic_test_004,SASB-candidate,sasb,20260513,204,67,36.279411764705884,0.7520559397267849,0.35415503572617807,0.35415503572617807,0.504388144772314,0.9977591422423787,0.0,0,0,0,0,3f28b170e18a14781e89d1a47f994e76288bc585e033dc9bee2a1980967c04ab,4bbc289f4cac08c2b8feddcc7babb352cd4a5447245490479af4bda1926960ae
synthetic45,synthetic45,synthetic_test_004,Structure-matched-candidate,structure_matched,20260513,204,67,36.11764705882353,0.7674380037958937,0.35034762888049714,0.35034762888049714,0.5034427730983535,0.9971135715140873,0.0,7368,0,0,0,97fbaa53a0c300cb50e6300e9bba0a2bd3dfd511d3db1f48ae32b21991364d28,4bbc289f4cac08c2b8feddcc7babb352cd4a5447245490479af4bda1926960ae
synthetic45,synthetic45,synthetic_test_005,Random-size-matched-candidate,random_size_matched,20260513,767,147,91.85788787483703,0.40408467950293536,0.2354724588522916,0.2354724588522916,0.2177652471363284,0.9520108214081329,0.45104331679278575,0,0,0,0,49e86e72c530dbac5cc4b8f5f1b6870cf0d09938a38c8c2827e1920b1b527983,f0cf3383de8f7e709e6f71222e57ef11a9acc6499badcbcdd9be33213e1eada7
synthetic45,synthetic45,synthetic_test_005,SASB-candidate,sasb,20260513,767,147,86.73272490221643,0.46022444682639657,0.5934493753788657,0.5934493753788657,0.216454740072449,0.9952298215035518,0.0,0,0,0,0,233a876e16d225867ca42da50c8bba9453cdc606f627ce17d7849f753c148cf1,f0cf3383de8f7e709e6f71222e57ef11a9acc6499badcbcdd9be33213e1eada7
synthetic45,synthetic45,synthetic_test_005,Structure-matched-candidate,structure_matched,20260513,767,147,89.5071707953064,0.43532632915821506,0.6160249715637891,0.6160249715637891,0.21138269646588728,0.999007275909225,0.0,68652,0,0,0,e87ce454f22770d357175af2f6c5ad755cefc84a398ede66b8ae175180e240b6,f0cf3383de8f7e709e6f71222e57ef11a9acc6499badcbcdd9be33213e1eada7
synthetic45,synthetic45,synthetic_test_006,Random-size-matched-candidate,random_size_matched,20260513,206,67,20.29126213592233,0.9414909683883299,0.18300016192089547,0.18300016192089547,0.4274837581804835,0.9415550241954169,0.02980278714547298,0,0,0,0,9f8fd128d2b5310cafdfd0b03e66058b665176f8c98e1a2aa4acb9c04bf8ae0a,ad61278342183911cd6f5b01b8419866ab8083c10d3aa6d25e4743ccb3320fbb
synthetic45,synthetic45,synthetic_test_006,SASB-candidate,sasb,20260513,206,67,21.781553398058254,0.9163829753233034,0.18346091757064883,0.18346091757064883,0.41055950594587104,0.9328002572542157,0.0,0,0,0,0,09be8c1eb2a51085aef320450903b3e2f1556d73ca98b4c71ebfcc90ccb1533a,ad61278342183911cd6f5b01b8419866ab8083c10d3aa6d25e4743ccb3320fbb
synthetic45,synthetic45,synthetic_test_006,Structure-matched-candidate,structure_matched,20260513,206,67,20.54854368932039,0.9312163721932699,0.19363823923607354,0.19363823923607354,0.4027999280278872,0.9403612496093421,0.0,4233,0,0,0,77baf9d543ff5606e5cc840d6468d56cf904c3a9050ca6802076f472ef313602,ad61278342183911cd6f5b01b8419866ab8083c10d3aa6d25e4743ccb3320fbb
synthetic45,synthetic45,synthetic_test_007,Random-size-matched-candidate,random_size_matched,20260513,661,129,85.96217851739789,0.38788932396746423,0.39131358407083217,0.39131358407083217,0.15666171726110706,0.9839690456804776,0.3926529927520672,0,0,0,0,ea68fe38f8ae2e1e3746fab109324650d7a1d958f34904c8ccf691f48b208427,3a2fc6171ac58a7d77db2d4fb3055242835d75b11798b0dc609638805177ca44
synthetic45,synthetic45,synthetic_test_007,SASB-candidate,sasb,20260513,661,129,81.04236006051437,0.43563317716305155,0.6753712453216617,0.6753712453216617,0.20607396753981713,0.9993489586158194,0.0,0,0,0,0,14979930ff74b749720ce023b4ec029d37d399ec75ebefe33747164894277a71,3a2fc6171ac58a7d77db2d4fb3055242835d75b11798b0dc609638805177ca44
synthetic45,synthetic45,synthetic_test_007,Structure-matched-candidate,structure_matched,20260513,661,129,82.38880484114978,0.425971892641834,0.7213595464683232,0.7213595464683232,0.18356535326235887,0.9994233058657914,0.0,54459,0,0,0,e07bbbd9186404c5c70972b81358fc07bf271bffa74297a1070ddc10cb115e43,3a2fc6171ac58a7d77db2d4fb3055242835d75b11798b0dc609638805177ca44
synthetic45,synthetic45,synthetic_test_008,Random-size-matched-candidate,random_size_matched,20260513,325,89,43.44,0.7297187956621349,0.19273913821346017,0.19273913821346017,0.4033481144123362,0.9700905941851371,0.17948497058974927,0,0,0,0,b4fe0b42a02b47b6d9c5a94e117cd70f07541b086343e3189b9ce85c727e182a,5cb35e833fc5b182891b87229dcc3ff2718f0d9b567a58dd961f5419833d0e3e
synthetic45,synthetic45,synthetic_test_008,SASB-candidate,sasb,20260513,325,89,45.13230769230769,0.681477059422618,0.3262797484163414,0.3262797484163414,0.3918209123210802,0.9905250023610828,0.0,0,0,0,0,c8c74aa37e1c610a57ed125373e62ee7a11ac60e9f7ced03f061f3e56e20a6db,5cb35e833fc5b182891b87229dcc3ff2718f0d9b567a58dd961f5419833d0e3e
synthetic45,synthetic45,synthetic_test_008,Structure-matched-candidate,structure_matched,20260513,325,89,42.95384615384615,0.7121003974334222,0.3471567529165008,0.3471567529165008,0.39015127419801504,0.9876535925819317,0.0,13960,0,0,0,42a047a640762eddf7278b5ab4f5df459bbabfa22134e4709df633264fa21523,5cb35e833fc5b182891b87229dcc3ff2718f0d9b567a58dd961f5419833d0e3e
synthetic45,synthetic45,synthetic_test_009,Random-size-matched-candidate,random_size_matched,20260513,348,97,48.939655172413794,0.6540594736231088,0.21107868839569305,0.21107868839569305,0.4983010581248416,0.9979842231581287,0.2485512873119515,0,0,0,0,01b36e8ae880e9857c23270028c8f9767a3515f37b0abeea2d1b7ac99288e262,f3b7b0094cb7054dc2659cb658631011f52f4f3a19b352b7a4e22b04adee5020
synthetic45,synthetic45,synthetic_test_009,SASB-candidate,sasb,20260513,348,97,47.12643678160919,0.6701670118528759,0.42355310763361587,0.42355310763361587,0.47544928482258975,0.9973028903780045,0.0,0,0,0,0,4e545e6b40469f4a575518ce1d390dbac80ae5f7fbd2263722f92e1d6edc10d7,f3b7b0094cb7054dc2659cb658631011f52f4f3a19b352b7a4e22b04adee5020
synthetic45,synthetic45,synthetic_test_009,Structure-matched-candidate,structure_matched,20260513,348,97,47.6867816091954,0.6729864013158466,0.4141348744569638,0.4141348744569638,0.4692331178611762,0.9887855436907658,0.0,16595,0,0,0,65e788bae666b17e92141d39dc47035bff672f1871d51a92a251696f1dd72c7f,f3b7b0094cb7054dc2659cb658631011f52f4f3a19b352b7a4e22b04adee5020
synthetic45,synthetic45,synthetic_test_010,Random-size-matched-candidate,random_size_matched,20260513,220,69,33.55909090909091,0.7910457454711614,0.23420147018589257,0.23420147018589257,0.3760879528697966,0.9753837642676986,0.14526233601828764,0,0,0,0,c43938e08fe8642f6b512032c10cfa46f184b6b4a3aebbc3567cb67aba1d8bf6,69705aa37262da979baf8c42bccd182ce199164b445c669c8da34376a6f09e3c
synthetic45,synthetic45,synthetic_test_010,SASB-candidate,sasb,20260513,220,69,33.80909090909091,0.7620903760005796,0.37580952564826037,0.37580952564826037,0.3953226242855937,0.9851773651144197,0.0,0,0,0,0,b80e4eb23d4d9fc3320c6a09e4188b6d8f2530d495fd9f5dbeb0896f16c37972,69705aa37262da979baf8c42bccd182ce199164b445c669c8da34376a6f09e3c
synthetic45,synthetic45,synthetic_test_010,Structure-matched-candidate,structure_matched,20260513,220,69,32.69090909090909,0.8050409438968439,0.3785950644650693,0.3785950644650693,0.3838993549276942,0.97634103645075,0.0,7192,0,0,0,a16262c1e543ff4d431ad7c66fa700b26b1856c7144dfe6c245208a5fecc14fd,69705aa37262da979baf8c42bccd182ce199164b445c669c8da34376a6f09e3c
synthetic45,synthetic45,synthetic_test_011,Random-size-matched-candidate,random_size_matched,20260513,1098,179,94.19398907103825,0.46609588507686506,0.16251911982398257,0.16251911982398257,0.13353352084150383,0.792904523261575,0.30913942983615156,0,0,0,0,f75f5c3af5f3ed78c0a3a6d0859c321383f6027b63e60f874fb03736e21baf9b,f3c674a551be0e0b8b48845e0da0be44c7d2977337f50da7ebf7de2dac84a963
synthetic45,synthetic45,synthetic_test_011,SASB-candidate,sasb,20260513,1098,179,106.12750455373406,0.42102844403805806,0.3039493596048489,0.3039493596048489,0.16960043809461103,0.9879499886850468,0.0,0,0,0,0,0a6b290f6f6123006b93ed1ab89ad7b09a43fe8723e84dcd93b838752c61f884,f3c674a551be0e0b8b48845e0da0be44c7d2977337f50da7ebf7de2dac84a963
synthetic45,synthetic45,synthetic_test_011,Structure-matched-candidate,structure_matched,20260513,1098,179,109.87978142076503,0.3925484934790244,0.30145686253826076,0.30145686253826076,0.159730584101968,0.9910776396293175,0.0,120648,0,0,0,b3f89808a19cd619f19a8b39622e2cbbcbe562c4710ca7ea7c7956e080428ec0,f3c674a551be0e0b8b48845e0da0be44c7d2977337f50da7ebf7de2dac84a963
synthetic45,synthetic45,synthetic_test_012,Random-size-matched-candidate,random_size_matched,20260513,443,110,68.55079006772009,0.49807230732677704,0.2559703852604743,0.2559703852604743,0.36470128154440057,0.9982259276903781,0.3525457410524396,0,0,0,0,32c540f33ddee1cb08259721ae5914794748a259ebe1dfb65c8b60fd17bafb15,2c6b14cd92fd9a0b714d1112a9a32c0cb006c87d145b6343ec3f470c4773553a
synthetic45,synthetic45,synthetic_test_012,SASB-candidate,sasb,20260513,443,110,63.73363431151242,0.5502375801326319,0.5295363533482225,0.5295363533482225,0.38196390224261006,1.0,0.0,0,0,0,0,2b1c8a4ff0e8185f4c7f498bc45b76d4436ad56d70c90020ad9f0ee49472ef4c,2c6b14cd92fd9a0b714d1112a9a32c0cb006c87d145b6343ec3f470c4773553a
synthetic45,synthetic45,synthetic_test_012,Structure-matched-candidate,structure_matched,20260513,443,110,65.02031602708804,0.5427333655276884,0.5522303917574538,0.5522303917574538,0.35820377633055334,1.0,0.0,28804,0,0,0,11ae34b6ea6e185827e9028beeddb7f93a9acb1bc2e9959bb19865c5737dd1b1,2c6b14cd92fd9a0b714d1112a9a32c0cb006c87d145b6343ec3f470c4773553a
synthetic45,synthetic45,synthetic_test_013,Random-size-matched-candidate,random_size_matched,20260513,294,86,21.421768707482993,0.8854693564200672,0.1337259641636114,0.1337259641636114,0.3681327128948559,0.8771625119924997,0.07260342045651924,0,0,0,0,44092a68170fc9d777fe1824ca3d16cf1958e9cb1ac5c8f98b4d9246a87bd724,cbbc0b58cf38a7f632206144f4b1bbed2dc67196e0e50b321f6adff3db2c429d
synthetic45,synthetic45,synthetic_test_013,SASB-candidate,sasb,20260513,294,86,20.472789115646258,0.8864577969816657,0.17544126019045864,0.17544126019045864,0.3676079684905547,0.919202122264828,0.0,0,0,0,0,d5c9a3d4d950783db536df599baac262354f4575a72bff2a6810f97615c6ad28,cbbc0b58cf38a7f632206144f4b1bbed2dc67196e0e50b321f6adff3db2c429d
synthetic45,synthetic45,synthetic_test_013,Structure-matched-candidate,structure_matched,20260513,294,86,20.775510204081634,0.8910916940627668,0.17283249604357862,0.17283249604357862,0.3657305022135467,0.9212197265300902,0.0,6108,0,0,0,0601daea2a815fbc66ce98c961f568b2bc40bb9a6b3df10f4edb19efea5b47a4,cbbc0b58cf38a7f632206144f4b1bbed2dc67196e0e50b321f6adff3db2c429d
synthetic45,synthetic45,synthetic_test_014,Random-size-matched-candidate,random_size_matched,20260513,840,149,88.47738095238095,0.44811708203476125,0.17843702401520728,0.17843702401520728,0.2143314009898713,0.5761750930785006,0.536630722504411,0,0,0,0,ef56b37505f92f6cb391fe94110e22d297fc50ad8e9c60f4007df14ad20d51e5,27dcc01cf3045275a8e0e135db833a77648641636bce145181caa89bb244414f
synthetic45,synthetic45,synthetic_test_014,SASB-candidate,sasb,20260513,840,149,90.63809523809523,0.4183783885097777,0.5695063946696746,0.5695063946696746,0.20554003347383043,0.9468690684909078,0.0,0,0,0,0,8fda419e0381919a22f05623d302426d53895d7be65c10c920058ad1faa71594,27dcc01cf3045275a8e0e135db833a77648641636bce145181caa89bb244414f
synthetic45,synthetic45,synthetic_test_014,Structure-matched-candidate,structure_matched,20260513,840,149,93.16666666666667,0.4013554603010087,0.5589008571926194,0.5589008571926194,0.19888050688783257,0.935430264449114,0.0,78260,0,0,0,a778480cdcf035cdea23c133b5216b4140f93cc20dfcb04a5a3213461f65450a,27dcc01cf3045275a8e0e135db833a77648641636bce145181caa89bb244414f
synthetic45,synthetic45,synthetic_test_015,Random-size-matched-candidate,random_size_matched,20260513,288,79,46.229166666666664,0.6808115504674825,0.1661313872556183,0.1661313872556183,0.2506658132632163,0.9135548362709377,0.1718967834170504,0,0,0,0,30f703f00496b8617f919c3fa0df775937f606f02ebe3b09905f9ef112be288d,142e1fb42beacb4951e7be2cae6ce6ba3a48ca29ff23b67c508cf26fa600c769
synthetic45,synthetic45,synthetic_test_015,SASB-candidate,sasb,20260513,288,79,45.56597222222222,0.6854854467296372,0.29180636938251286,0.29180636938251286,0.24598091759451998,0.9723716254910898,0.0,0,0,0,0,90cf1d766f1a1c0a108d2c6c26d0185b0843568e6d8f50408008bc4078a374b1,142e1fb42beacb4951e7be2cae6ce6ba3a48ca29ff23b67c508cf26fa600c769
synthetic45,synthetic45,synthetic_test_015,Structure-matched-candidate,structure_matched,20260513,288,79,46.072916666666664,0.6883537642175219,0.22773700786488346,0.22773700786488346,0.2603133549947676,0.9623735114641669,0.0,13269,0,0,0,8f0c03db32f12df95c116a5d674ec0573cbbace51fdc8ba2fbb47f37960e25cc,142e1fb42beacb4951e7be2cae6ce6ba3a48ca29ff23b67c508cf26fa600c769
synthetic45,synthetic45,synthetic_test_016,Random-size-matched-candidate,random_size_matched,20260513,374,102,23.27005347593583,0.8793255720759311,0.12810657901915934,0.12810657901915934,0.3795754885353106,0.8836587379335146,0.08129151929600167,0,0,0,0,721c1e27a24cd9ee68a8ae26cd6e93c84675409e1ecbd968bdb950bcce16b8c8,69ebc3d4beee2d572bcca434687898e7a38a7d3cb81204a444a964a8f4af322b
synthetic45,synthetic45,synthetic_test_016,SASB-candidate,sasb,20260513,374,102,21.810160427807485,0.8905542908462752,0.17256594044454796,0.17256594044454796,0.3657787622423802,0.9235901483400363,0.0,0,0,0,0,98f7d4223032a0e3d8bef8e1095b1b838ae4996741cdcc28792a34c6408e2d1e,69ebc3d4beee2d572bcca434687898e7a38a7d3cb81204a444a964a8f4af322b
synthetic45,synthetic45,synthetic_test_016,Structure-matched-candidate,structure_matched,20260513,374,102,21.606951871657753,0.8854676310521918,0.16911672922695606,0.16911672922695606,0.3713273783752393,0.9289835800298527,0.0,8081,0,0,0,e7017c1bfb9486c14facff83c8ad2f0f68c058f1cf1102571704fc007fd0676b,69ebc3d4beee2d572bcca434687898e7a38a7d3cb81204a444a964a8f4af322b
synthetic45,synthetic45,synthetic_test_017,Random-size-matched-candidate,random_size_matched,20260513,530,110,73.07358490566038,0.42890333433727035,0.3393849107381005,0.3393849107381005,0.23103859706105445,0.9546962426403642,0.3971976497568325,0,0,0,0,76ac6e1e51f630ba13c2603600ddfcf320c8c482b64a4baec3d33f3a34b4e4dc,ed355be445b3e62351d0e7dead6b72e9a26ed78e171a8eae6f4b576f7f1430e1
synthetic45,synthetic45,synthetic_test_017,SASB-candidate,sasb,20260513,530,110,71.5,0.45329273756404553,0.64840863491458,0.64840863491458,0.2351112150962731,0.9968863747198422,0.0,0,0,0,0,50893e336ce69cb67b8666144365306e47bcac8987d0830ce09eba197d2f3da0,ed355be445b3e62351d0e7dead6b72e9a26ed78e171a8eae6f4b576f7f1430e1
synthetic45,synthetic45,synthetic_test_017,Structure-matched-candidate,structure_matched,20260513,530,110,72.44339622641509,0.44163710764514835,0.6953090967773553,0.6953090967773553,0.21755463133210598,0.9973090695440258,0.0,38395,0,0,0,faa781b397161c52e2506c62dd78c69fc83f599b28d9d7e9a43b02f6eea1f1ea,ed355be445b3e62351d0e7dead6b72e9a26ed78e171a8eae6f4b576f7f1430e1
synthetic45,synthetic45,synthetic_test_018,Random-size-matched-candidate,random_size_matched,20260513,854,151,99.92857142857143,0.3428657093137485,0.4377839148601965,0.4377839148601965,0.13088455631331034,0.9897443544414518,0.38728452976170963,0,0,0,0,9acb2d86e94ab9167dc5594e7349f81bb2bf67c4a2d289b32c0acbe0a95c56d8,871226cadbfbdb38f0058cb0b333dd8ee30493d4a9a01112503a3ef0fb7e4834
synthetic45,synthetic45,synthetic_test_018,SASB-candidate,sasb,20260513,854,151,94.50585480093677,0.40091536899594865,0.7045540146777971,0.7045540146777971,0.18657385568646767,0.9995702655286081,0.0,0,0,0,0,1e58c03f38e107e7feeee7d910452af11fc8f2d4f142c2a5cbf5273d9d1413ec,871226cadbfbdb38f0058cb0b333dd8ee30493d4a9a01112503a3ef0fb7e4834
synthetic45,synthetic45,synthetic_test_018,Structure-matched-candidate,structure_matched,20260513,854,151,96.49648711943794,0.3847163638652202,0.7507306501024655,0.7507306501024655,0.16533352973813964,0.9996002954410145,0.0,82408,0,0,0,6c8aac085d43ce332e7a513334d0f4bf0e54935cf77a66f0ab1a048995b48a11,871226cadbfbdb38f0058cb0b333dd8ee30493d4a9a01112503a3ef0fb7e4834
synthetic45,synthetic45,synthetic_test_019,Random-size-matched-candidate,random_size_matched,20260513,1175,188,123.62382978723404,0.3057979008737492,0.4458590284899807,0.4458590284899807,0.10337461343142519,0.9733105362614223,0.47305332379898823,0,0,0,0,60ee410f9be1d659617000363266db12e0c52191de31c1ecd6de61cb4621d9e0,377f0b1ee0d1202da52f99df17a78614e9f32164a87aeeae1e7a7c7d63c54f08
synthetic45,synthetic45,synthetic_test_019,SASB-candidate,sasb,20260513,1175,188,116.31914893617021,0.3795038590719297,0.7432023165805133,0.7432023165805133,0.16204661696843364,0.9839957452516013,0.0,0,0,0,0,2465ef42d6206cf6ce4c2f080bf5c26ec5b9d0cffd7a89632ed584ea33e8ea8c,377f0b1ee0d1202da52f99df17a78614e9f32164a87aeeae1e7a7c7d63c54f08
synthetic45,synthetic45,synthetic_test_019,Structure-matched-candidate,structure_matched,20260513,1175,188,118.02723404255319,0.36717375207796027,0.7783103778932028,0.7783103778932028,0.15072314437902468,0.9858305024470401,0.0,138682,0,0,0,8c0cd7964f6a91e69503099e47e832be70b305b9469dce5060b7e0efcff880f5,377f0b1ee0d1202da52f99df17a78614e9f32164a87aeeae1e7a7c7d63c54f08
synthetic45,synthetic45,synthetic_test_020,Random-size-matched-candidate,random_size_matched,20260513,406,105,43.77093596059113,0.7600641268936724,0.16601595147115258,0.16601595147115258,0.44527096970963465,0.9728905050656806,0.12531848584602778,0,0,0,0,d83e1af1ce0038cb1c1bc9569a3a979fc080d6e22d1e115201f3db21e59f52a0,284685d1fb99f62ac5bb1848c3df5310f7bf9646776075612439f557b41df689
synthetic45,synthetic45,synthetic_test_020,SASB-candidate,sasb,20260513,406,105,49.108374384236456,0.6636287832581123,0.24506450015103787,0.24506450015103787,0.42097323001112735,0.9946357426736346,0.0,0,0,0,0,2bb26f9426f2fe0d07dcafd2875bd631ec1acab87117e4df18a612da0f23cfa6,284685d1fb99f62ac5bb1848c3df5310f7bf9646776075612439f557b41df689
synthetic45,synthetic45,synthetic_test_020,Structure-matched-candidate,structure_matched,20260513,406,105,44.83497536945813,0.7261420084428489,0.25247527020844346,0.25247527020844346,0.4138816423547976,0.9873414264428602,0.0,18203,0,0,0,5156bbd008bba6a8a48bfc9f5ddd8aac9968b120685e932b227c6201f6bf7d5f,284685d1fb99f62ac5bb1848c3df5310f7bf9646776075612439f557b41df689
synthetic45,synthetic45,synthetic_test_021,Random-size-matched-candidate,random_size_matched,20260513,473,108,70.98731501057082,0.4596833069302515,0.33532759077878443,0.33532759077878443,0.23229383636437775,0.9925493300072225,0.34745227793403183,0,0,0,0,6ff63118c432e8f6d3de12498a501dfc2285045611be634ffe43602c20ba70ae,3122feeb7a5f640a316f2a30bc07e548d8bfaac7e869ff089a3c4f77fab8394e
synthetic45,synthetic45,synthetic_test_021,SASB-candidate,sasb,20260513,473,108,67.3107822410148,0.49536802720385714,0.6260568288834278,0.6260568288834278,0.27250189760773,0.9992056257881564,0.0,0,0,0,0,dbb8373d8b51959843a4fa7244a5243f6ec7c4ab2df44dfa5e7aec002d749a35,3122feeb7a5f640a316f2a30bc07e548d8bfaac7e869ff089a3c4f77fab8394e
synthetic45,synthetic45,synthetic_test_021,Structure-matched-candidate,structure_matched,20260513,473,108,68.49260042283298,0.48573815245391216,0.6398942416925011,0.6398942416925011,0.2598879601595451,0.9991662131579826,0.0,32397,0,0,0,bf88cd5f0d5030b5309e7bdc7010f7ae91be147462ff56de3f56f7b585c007a2,3122feeb7a5f640a316f2a30bc07e548d8bfaac7e869ff089a3c4f77fab8394e
synthetic45,synthetic45,synthetic_test_022,Random-size-matched-candidate,random_size_matched,20260513,964,165,108.01867219917013,0.33106634522445627,0.40891954392304225,0.40891954392304225,0.13916638026677725,0.9892031163408024,0.4018081492029498,0,0,0,0,81663284b40da90c5b683e60d3a29b78a6616adf3a04b77cf665b563e1928830,bf02934776c78f94e3c374a8c55602f43c23935be51934bca8d8948d9e9e9767
synthetic45,synthetic45,synthetic_test_022,SASB-candidate,sasb,20260513,964,165,102.19502074688796,0.3923454279989115,0.7060348111907403,0.7060348111907403,0.22167588383381268,0.9993878396257261,0.0,0,0,0,0,267ac1d955e712aff9e757019660ac3b9b268faf1a40e4f2e24b7eb7dd9f00ce,bf02934776c78f94e3c374a8c55602f43c23935be51934bca8d8948d9e9e9767
synthetic45,synthetic45,synthetic_test_022,Structure-matched-candidate,structure_matched,20260513,964,165,103.19294605809128,0.38133877350456147,0.7396785919056617,0.7396785919056617,0.1934434571260814,0.9991267357527073,0.0,99478,0,0,0,0ac05e19d8252f0a564e9581bfd6824afa867fbad8a1f54ac52d28a400dfbfcd,bf02934776c78f94e3c374a8c55602f43c23935be51934bca8d8948d9e9e9767
synthetic45,synthetic45,synthetic_test_023,Random-size-matched-candidate,random_size_matched,20260513,345,96,55.40869565217391,0.5801878540205864,0.20130616801800533,0.20130616801800533,0.4366630108813416,0.9991104010248962,0.279131808151545,0,0,0,0,615681284435ac68ca7e0f903195d251fd1a460b42c5c96ccc044ce90725e978,2594ef5ad311aaa6e6c351993a78878adaa7459e153f3cc9a2b9bff968a86a4d
synthetic45,synthetic45,synthetic_test_023,SASB-candidate,sasb,20260513,345,96,51.153623188405795,0.6346625614137346,0.41381029964381844,0.41381029964381844,0.45727070742156695,0.9999547101449275,0.0,0,0,0,0,32c5d2f2eaac5466a79769ff60e266b4b438402e034c4c27590534613068fccd,2594ef5ad311aaa6e6c351993a78878adaa7459e153f3cc9a2b9bff968a86a4d
synthetic45,synthetic45,synthetic_test_023,Structure-matched-candidate,structure_matched,20260513,345,96,52.14782608695652,0.616775087648806,0.43089747174306786,0.43089747174306786,0.439969177083439,0.9998410851908015,0.0,17991,0,0,0,23ee8a8a98ef02c0dcddcd42b8fa3d3d009e32f80baa2964d93bf9ae82068849,2594ef5ad311aaa6e6c351993a78878adaa7459e153f3cc9a2b9bff968a86a4d
synthetic45,synthetic45,synthetic_test_024,Random-size-matched-candidate,random_size_matched,20260513,925,163,105.99783783783784,0.3448770148126534,0.3764261164551329,0.3764261164551329,0.15559171714683032,0.9918460204664586,0.4065673044529873,0,0,0,0,77876b93b13b74c7ec3d1e25ea2fc24a99dde4ab49814d3f5173caab4f8ed4ae,773cc01d32e759cf8a3baf0e052ad74a610332a0bdb1bf0fb2dac467ce2a4032
synthetic45,synthetic45,synthetic_test_024,SASB-candidate,sasb,20260513,925,163,99.16864864864864,0.41016438365313157,0.7008206493522294,0.7008206493522294,0.2137860383230517,0.9989067486553117,0.0,0,0,0,0,c3eda02da5325d330e331f6f781bf6428da07cc5787b8ba283ed4eca565cdaf0,773cc01d32e759cf8a3baf0e052ad74a610332a0bdb1bf0fb2dac467ce2a4032
synthetic45,synthetic45,synthetic_test_024,Structure-matched-candidate,structure_matched,20260513,925,163,101.91891891891892,0.38937671834369003,0.7380894398256991,0.7380894398256991,0.18410223131335643,0.9995743053102241,0.0,94275,0,0,0,77220c22303fb4b353975931bc25149afbac9c82a00c8086fca05b04201226a6,773cc01d32e759cf8a3baf0e052ad74a610332a0bdb1bf0fb2dac467ce2a4032
synthetic45,synthetic45,synthetic_test_025,Random-size-matched-candidate,random_size_matched,20260513,121,64,23.165289256198346,0.9329191779734505,0.19127482481602942,0.19127482481602942,0.48953500302708336,0.9533851780868714,0.044636707988980714,0,0,0,0,7335f9eaed2e573cea9456e533703218b2b24d049b28d130156807fbb435ad89,d6b70b21a202c370e7fd9b71d20330c85f6719fcec25a64b733ed7b01d632c96
synthetic45,synthetic45,synthetic_test_025,SASB-candidate,sasb,20260513,121,64,23.545454545454547,0.926812684971209,0.23288081604865737,0.23288081604865737,0.4822576401565402,0.9596541625615267,0.0,0,0,0,0,d7ad6bf3407395e0add9c159eca867a23e196b44cedaaa86de0d9870d486c180,d6b70b21a202c370e7fd9b71d20330c85f6719fcec25a64b733ed7b01d632c96
synthetic45,synthetic45,synthetic_test_025,Structure-matched-candidate,structure_matched,20260513,121,64,22.735537190082646,0.9360484405907978,0.22356797875525122,0.22356797875525122,0.4667557510359609,0.9623770879302105,0.0,2751,0,0,0,80803b1b7e6a5fe1545dac91faef842be164aed278f974d1d1b1c55c8f09ecb1,d6b70b21a202c370e7fd9b71d20330c85f6719fcec25a64b733ed7b01d632c96
synthetic45,synthetic45,synthetic_test_026,Random-size-matched-candidate,random_size_matched,20260513,599,120,79.01335559265442,0.4054960283204143,0.36346404361806467,0.36346404361806467,0.2055437847678673,0.9815878690021332,0.3929676815735754,0,0,0,0,03f775c9fe9ca1b041f1303937417cc863220366ce11fb208b037e96665354f5,aa9f42310bc18cb07aafdbfcebfb9cdccfac890388576ca1d2a529b1024c21df
synthetic45,synthetic45,synthetic_test_026,SASB-candidate,sasb,20260513,599,120,75.19031719532555,0.449642668529171,0.660357409595246,0.660357409595246,0.23263339864954227,0.9986488280561868,0.0,0,0,0,0,621175e5d098b65cd95d133d0f2b14196e10f16a30203e67b0eb22e38ab28327,aa9f42310bc18cb07aafdbfcebfb9cdccfac890388576ca1d2a529b1024c21df
synthetic45,synthetic45,synthetic_test_026,Structure-matched-candidate,structure_matched,20260513,599,120,76.31051752921536,0.43712187483173703,0.6982599478496334,0.6982599478496334,0.218983927743847,0.997019073168509,0.0,45710,0,0,0,f4e00c56ae796496d4eb6afef64a03030cd3c00444ec9b08336290042d797628,aa9f42310bc18cb07aafdbfcebfb9cdccfac890388576ca1d2a529b1024c21df
synthetic45,synthetic45,synthetic_test_027,Random-size-matched-candidate,random_size_matched,20260513,819,155,89.28205128205128,0.4325299750069936,0.17190536674216028,0.17190536674216028,0.2385492133828197,0.9322553637870088,0.4202284283902009,0,0,0,0,01617fbda34fef876cb76987f6196fa7bcc13ef7f07433058693701eb1fe7dcc,08542c9b9fed7e854a501ff1e3972c0fb884657d68e886d6d3ecd79ca8a5fd31
synthetic45,synthetic45,synthetic_test_027,SASB-candidate,sasb,20260513,819,155,91.74969474969475,0.45523608845946634,0.4807138762382226,0.4807138762382226,0.2566805476926304,0.9971511669037633,0.0,0,0,0,0,8b63535c0bfdbddb74dfe2a84bb717a58cd4501c95b6be207a684f434750056b,08542c9b9fed7e854a501ff1e3972c0fb884657d68e886d6d3ecd79ca8a5fd31
synthetic45,synthetic45,synthetic_test_027,Structure-matched-candidate,structure_matched,20260513,819,155,92.82661782661782,0.440061934046131,0.4920294237256268,0.4920294237256268,0.25107011392847384,0.9976597630690809,0.0,76025,0,0,0,44007a2eb5a366524485b68e590aef4addb0aca06c54e69ae98717f012b137a7,08542c9b9fed7e854a501ff1e3972c0fb884657d68e886d6d3ecd79ca8a5fd31
synthetic45,synthetic45,synthetic_test_028,Random-size-matched-candidate,random_size_matched,20260513,711,147,93.20534458509142,0.40612679983505384,0.31192535136070537,0.31192535136070537,0.23983117382718336,0.9931386037160127,0.42083315082970546,0,0,0,0,9a4dece127f4b054eef6b53c01760ef74169dedca55ef67676103662dcc0d099,1aecc784a6f610f9b5d7e7cd127cb6a1042155c063f790f18a674fee86c64f44
synthetic45,synthetic45,synthetic_test_028,SASB-candidate,sasb,20260513,711,147,84.45710267229255,0.4889539232763456,0.6189850458863508,0.6189850458863508,0.2779763577161056,0.9937753624994157,0.0,0,0,0,0,28bf45cd17db557ed37e6a7ca094b8b0c438ac4958839a3a4f3de7f1a347c31b,1aecc784a6f610f9b5d7e7cd127cb6a1042155c063f790f18a674fee86c64f44
synthetic45,synthetic45,synthetic_test_028,Structure-matched-candidate,structure_matched,20260513,711,147,88.20112517580873,0.45754001922931803,0.6513411918371881,0.6513411918371881,0.25281631639006075,0.9945986874901509,0.0,62711,0,0,0,1e118bd369ee8ed75acc6e8b54631c00c63de2c48b04c517d47de8c536626433,1aecc784a6f610f9b5d7e7cd127cb6a1042155c063f790f18a674fee86c64f44
synthetic45,synthetic45,synthetic_test_029,Random-size-matched-candidate,random_size_matched,20260513,748,144,93.95989304812834,0.38179234653295374,0.372573437450126,0.372573437450126,0.17551116730289,0.9800383610511141,0.43000824704945445,0,0,0,0,248b4a0141cca69e67aec89167ca9bfb34dde4892d1304e25f1fb957e4b816e0,ed3efb11689e4ee3bb7067a1e5a8dd7dfe3cb82adf1d11cd2f9bda1d43d4f338
synthetic45,synthetic45,synthetic_test_029,SASB-candidate,sasb,20260513,748,144,89.06149732620321,0.43220533178156484,0.6744650979284907,0.6744650979284907,0.22583734908435538,0.9862459084194731,0.0,0,0,0,0,6c7ecb130fd78f2b1a2c5acc727429c00b2bd962197f990a4c2a605f73bfac67,ed3efb11689e4ee3bb7067a1e5a8dd7dfe3cb82adf1d11cd2f9bda1d43d4f338
synthetic45,synthetic45,synthetic_test_029,Structure-matched-candidate,structure_matched,20260513,748,144,89.97994652406418,0.42601833948665047,0.7009272232509428,0.7009272232509428,0.20568954148629692,0.9865214664587458,0.0,67305,0,0,0,255478d3a362af7eb58aeb8f861d8c1fa77230ee3ebbc88d894032bb42c0208b,ed3efb11689e4ee3bb7067a1e5a8dd7dfe3cb82adf1d11cd2f9bda1d43d4f338
synthetic45,synthetic45,synthetic_test_030,Random-size-matched-candidate,random_size_matched,20260513,553,119,77.70343580470163,0.4313949425266805,0.34086442326375294,0.34086442326375294,0.21555370794616144,0.9967996816311308,0.37582779376178105,0,0,0,0,2d43f19feeff038c12602746ffbec51d72b0db3f539ceda32a9efef5a2b90a58,19987545d2b20a9c4cbd18b2557fe99a882f1fcdc9f8f401b1289943f7ab22a3
synthetic45,synthetic45,synthetic_test_030,SASB-candidate,sasb,20260513,553,119,74.13019891500905,0.4694061686790626,0.629473548887702,0.629473548887702,0.26338690780105917,1.0,0.0,0,0,0,0,694d3f45753fea00626403ccedab34ea226577d3145c8f1a9e11d77a32afedc6,19987545d2b20a9c4cbd18b2557fe99a882f1fcdc9f8f401b1289943f7ab22a3
synthetic45,synthetic45,synthetic_test_030,Structure-matched-candidate,structure_matched,20260513,553,119,75.09403254972875,0.4613210068612109,0.6603247333685321,0.6603247333685321,0.23062140448744467,1.0,0.0,41527,0,0,0,04dc063e3e80567eb8335ce6aae16e0998794e40f2e73da991deaa0bb768797b,19987545d2b20a9c4cbd18b2557fe99a882f1fcdc9f8f401b1289943f7ab22a3
synthetic45,synthetic45,synthetic_test_031,Random-size-matched-candidate,random_size_matched,20260513,552,123,42.48731884057971,0.7603133927142037,0.12626793035734785,0.12626793035734785,0.23483649667540424,0.540646321066838,0.17723855851267925,0,0,0,0,2b3ccc2cb0e177d5ca7826f3d0a69074266d9497bf8638035268bde8fc5685f5,4507a13228fdfe721c49dcbaa7fbe614a1603e1e0fb105f249a1f1df11f67a1a
synthetic45,synthetic45,synthetic_test_031,SASB-candidate,sasb,20260513,552,123,45.02717391304348,0.7417365661061267,0.21266585074396804,0.21266585074396804,0.2457081835011027,0.6385127209187615,0.0,0,0,0,0,b27a7491ec6ce6e2c70df445d6a3ca414ee6eedd5e0a7110ce10b6764d28af29,4507a13228fdfe721c49dcbaa7fbe614a1603e1e0fb105f249a1f1df11f67a1a
synthetic45,synthetic45,synthetic_test_031,Structure-matched-candidate,structure_matched,20260513,552,123,40.2481884057971,0.778643152645698,0.22371655744991809,0.22371655744991809,0.2416434070869277,0.611464202091685,0.0,22217,0,0,0,bffb0c0e01d56338547daa6975a592939c653cfef9da2a8d16b3e413ee924509,4507a13228fdfe721c49dcbaa7fbe614a1603e1e0fb105f249a1f1df11f67a1a
synthetic45,synthetic45,synthetic_test_032,Random-size-matched-candidate,random_size_matched,20260513,348,90,60.5,0.5295794327871683,0.2901336437565453,0.2901336437565453,0.2964566043311445,0.9662280231996156,0.3335157463224458,0,0,0,0,b7098c7b2aef523affc3b1908b4e456996fdf89eea739832024714c896e33864,80f3538cb372a67d6864d2ac525d65eac17f491208fbc7b24571517955918d7b
synthetic45,synthetic45,synthetic_test_032,SASB-candidate,sasb,20260513,348,90,57.87931034482759,0.5505015674167186,0.5288863723706593,0.5288863723706593,0.31243555484898367,0.9887261360424378,0.0,0,0,0,0,bbcce9af04d56ee9be20f5b916bfa126cc6de67029fe483143ce8f2a95b70336,80f3538cb372a67d6864d2ac525d65eac17f491208fbc7b24571517955918d7b
synthetic45,synthetic45,synthetic_test_032,Structure-matched-candidate,structure_matched,20260513,348,90,59.14942528735632,0.5457766058259967,0.5253721962657497,0.5253721962657497,0.30162023102301266,0.9839979024872564,0.0,20584,0,0,0,9fa83a472d281d8e6fb77cd929060b33055f47ef99ad99f6bf577f1ab8417b11,80f3538cb372a67d6864d2ac525d65eac17f491208fbc7b24571517955918d7b
synthetic45,synthetic45,synthetic_test_033,Random-size-matched-candidate,random_size_matched,20260513,549,123,45.646630236794174,0.7462920979128191,0.15859506643182258,0.15859506643182258,0.2708465349592848,0.6154202230273715,0.22780199885161306,0,0,0,0,9fde3f0a43f72edbac07a992a9d755a0e0027b096472521f7fcf00dfca04024a,abdc771254f3bb13af8ad0c65106203bdeb622c4d6cd2cfc5a703980c22cbfc2
synthetic45,synthetic45,synthetic_test_033,SASB-candidate,sasb,20260513,549,123,51.486338797814206,0.6839886687270982,0.2914858953192989,0.2914858953192989,0.2886633392941948,0.8110677155578117,0.0,0,0,0,0,336c730acca48ca41bce9f7260d335d0649a8ee2c4f4e97b376a470129476137,abdc771254f3bb13af8ad0c65106203bdeb622c4d6cd2cfc5a703980c22cbfc2
synthetic45,synthetic45,synthetic_test_033,Structure-matched-candidate,structure_matched,20260513,549,123,46.75045537340619,0.7245321833894347,0.3156475115393425,0.3156475115393425,0.2700508959092882,0.7586602304386613,0.0,25666,0,0,0,84769e32bbb15d28617f3f6d322b9129ffe4a2ab56c966af8d698bc3d1cc57c1,abdc771254f3bb13af8ad0c65106203bdeb622c4d6cd2cfc5a703980c22cbfc2
synthetic45,synthetic45,synthetic_test_034,Random-size-matched-candidate,random_size_matched,20260513,404,94,62.556930693069305,0.49876608906123804,0.37405987961853787,0.37405987961853787,0.20632417614509627,0.8961048778605177,0.34755448681859263,0,0,0,0,b98daa6fa6d6069e7c760dd66754c0e96d36cab577bb8550b018df3e475ff8f0,e6fe98eee81f3d38ae113a3d3bc942ac97a8e62b9f80a6d25f48ebbbdb994846
synthetic45,synthetic45,synthetic_test_034,SASB-candidate,sasb,20260513,404,94,61.69059405940594,0.5111525072725017,0.6378281737729319,0.6378281737729319,0.2134947898820701,0.9542112813646139,0.0,0,0,0,0,2e3fa454b876edba66ebfb05aa3b6a9ea4666634ded579aa2d7c633eb868a655,e6fe98eee81f3d38ae113a3d3bc942ac97a8e62b9f80a6d25f48ebbbdb994846
synthetic45,synthetic45,synthetic_test_034,Structure-matched-candidate,structure_matched,20260513,404,94,62.20544554455446,0.5069262806676103,0.6314971126427475,0.6314971126427475,0.20529532687800997,0.9470899151376891,0.0,25131,0,0,0,26589e9361821dd3e94a2b4c5e7eed7ee55a66bdd975d46392572315c1781121,e6fe98eee81f3d38ae113a3d3bc942ac97a8e62b9f80a6d25f48ebbbdb994846
synthetic45,synthetic45,synthetic_test_035,Random-size-matched-candidate,random_size_matched,20260513,610,120,80.18524590163935,0.4012912206967595,0.4392664028337502,0.4392664028337502,0.14074542898840492,0.9148349006920062,0.39508626830469973,0,0,0,0,e426fa45f90f89bbe664d9d64c2fe11ff439042ccfdc260634cc2d5f07d23460,73962c3753efa3cdbd959263a0fbdc2c167f73c19f0b4149cdad2bc10b545bc4
synthetic45,synthetic45,synthetic_test_035,SASB-candidate,sasb,20260513,610,120,77.8688524590164,0.43223914187021295,0.6973293265144698,0.6973293265144698,0.1656251382353395,0.9689492269070933,0.0,0,0,0,0,7215b04d5985fcd44d65bc315f18895257fe5fe0fb8a651b90d177b919841922,73962c3753efa3cdbd959263a0fbdc2c167f73c19f0b4149cdad2bc10b545bc4
synthetic45,synthetic45,synthetic_test_035,Structure-matched-candidate,structure_matched,20260513,610,120,79.42786885245901,0.419047121483022,0.7264874171107376,0.7264874171107376,0.14866272686137103,0.9707343174161478,0.0,48451,0,0,0,d4ebe3aad18722199d36e623ca3be87fffb3bef147f768850ac0336142eb328d,73962c3753efa3cdbd959263a0fbdc2c167f73c19f0b4149cdad2bc10b545bc4
synthetic45,synthetic45,synthetic_test_036,Random-size-matched-candidate,random_size_matched,20260513,914,163,86.32056892778994,0.4880687978401214,0.1706091547427146,0.1706091547427146,0.22561462586827083,0.8491017312474862,0.3599168622769331,0,0,0,0,ae45fb575548fb569d410587da63a79a8feb04c253bab7da70995fb12915289b,7fa2c3dbe3f3a1da89779aad021bd6821e53c418c24dde413efd8d2bc10e1458
synthetic45,synthetic45,synthetic_test_036,SASB-candidate,sasb,20260513,914,163,95.08096280087527,0.4488834537002061,0.4624025221276261,0.4624025221276261,0.22345137011165153,0.9895962708543303,0.0,0,0,0,0,707d544a081eacc8c452c083854fdfe4cdaf09ed4efb5eaf1bd90c0a6a5c49b0,7fa2c3dbe3f3a1da89779aad021bd6821e53c418c24dde413efd8d2bc10e1458
synthetic45,synthetic45,synthetic_test_036,Structure-matched-candidate,structure_matched,20260513,914,163,97.27024070021882,0.4303345654285914,0.4396296580884641,0.4396296580884641,0.21540321054434544,0.9918429095122729,0.0,88905,0,0,0,a917eeaeab410a0cca1760e0b534717037a610c3367ebb2ec668b8d44c4f7f04,7fa2c3dbe3f3a1da89779aad021bd6821e53c418c24dde413efd8d2bc10e1458
synthetic45,synthetic45,synthetic_test_037,Random-size-matched-candidate,random_size_matched,20260513,329,88,48.744680851063826,0.6585915298149875,0.17377780956770547,0.17377780956770547,0.32035620685864036,0.9747101518599578,0.2067915312118973,0,0,0,0,229c1f0458695553a9bc9917dc380f26d20a5fd56db995eb0c2ae1254643b32c,6550b2985b9fc508b35feeff9fe85a9d029b3c0209d9d4d6bde2257a0ace97d0
synthetic45,synthetic45,synthetic_test_037,SASB-candidate,sasb,20260513,329,88,53.48936170212766,0.6048540796137275,0.35071964970329145,0.35071964970329145,0.3372064388787016,0.9931973410190229,0.0,0,0,0,0,c4d70f3b512d70f2f6f6a8b883cbc42899d4cdd1083a7ff701d01d53639bfd44,6550b2985b9fc508b35feeff9fe85a9d029b3c0209d9d4d6bde2257a0ace97d0
synthetic45,synthetic45,synthetic_test_037,Structure-matched-candidate,structure_matched,20260513,329,88,53.35562310030395,0.6112620121148676,0.3695753314326168,0.3695753314326168,0.3184030608328449,0.9924522309862344,0.0,17554,0,0,0,0290227ca79a408f9cd66d1e9300d395519bfbe94ef1c42b1ed206d29561a385,6550b2985b9fc508b35feeff9fe85a9d029b3c0209d9d4d6bde2257a0ace97d0
synthetic45,synthetic45,synthetic_test_038,Random-size-matched-candidate,random_size_matched,20260513,633,125,83.72827804107425,0.39366268390867876,0.3858683664102404,0.3858683664102404,0.1612760914942687,0.9868405342903934,0.3874748359058923,0,0,0,0,ebe5c0969a02f5cf6fc856237093ada2dbb2b900ca5eaebf118c3c98db994fc3,e869718c1fcc6dfd13151777ab70f96b0e142df6dbaaf5a06961aab1802dc343
synthetic45,synthetic45,synthetic_test_038,SASB-candidate,sasb,20260513,633,125,78.7219589257504,0.43871299298480587,0.6831115087741189,0.6831115087741189,0.20668544082141838,0.9994021486794712,0.0,0,0,0,0,c362922ffb9276417de0abde8da1fe91e99a3dc63649f85bc0ebd8c05e6b3d9b,e869718c1fcc6dfd13151777ab70f96b0e142df6dbaaf5a06961aab1802dc343
synthetic45,synthetic45,synthetic_test_038,Structure-matched-candidate,structure_matched,20260513,633,125,79.13902053712481,0.44055231629214775,0.7026668278937509,0.7026668278937509,0.1832920180603221,0.9989199382967374,0.0,50095,0,0,0,73eb91aab0f40d9160b3c1a5d6a1df0678b6b064f4193b91eb39b3485f3f34b6,e869718c1fcc6dfd13151777ab70f96b0e142df6dbaaf5a06961aab1802dc343
synthetic45,synthetic45,synthetic_test_039,Random-size-matched-candidate,random_size_matched,20260513,364,93,57.96153846153846,0.5430734306139195,0.2534381483860174,0.2534381483860174,0.3207182143377408,0.9929699851823227,0.30433375074604724,0,0,0,0,13a644f2979b5ec93d366aa3f43c1bde76715506ce867ecd7d524367a1aa88a6,07d4e0e5f27451e456d734b52e8d45e38ac97f6a85b034ffe8ceda8d6ac9a830
synthetic45,synthetic45,synthetic_test_039,SASB-candidate,sasb,20260513,364,93,55.47527472527472,0.5664826334928075,0.5162274003390441,0.5162274003390441,0.3178727466557983,0.9996724596605926,0.0,0,0,0,0,9489242985d6883066abf7c188e6a85e6569012cf7af62b028d5ae782245c7a8,07d4e0e5f27451e456d734b52e8d45e38ac97f6a85b034ffe8ceda8d6ac9a830
synthetic45,synthetic45,synthetic_test_039,Structure-matched-candidate,structure_matched,20260513,364,93,56.57692307692308,0.5574271855959726,0.5544476904557625,0.5544476904557625,0.3128490764319643,0.9996145366688715,0.0,20594,0,0,0,257d4c83d5a9fecb026128f0f66f1d8efaf727b02730049ff68e9861fcb86fd0,07d4e0e5f27451e456d734b52e8d45e38ac97f6a85b034ffe8ceda8d6ac9a830
synthetic45,synthetic45,synthetic_test_040,Random-size-matched-candidate,random_size_matched,20260513,576,120,79.25520833333333,0.41822744367736864,0.3544889604553441,0.3544889604553441,0.1976474754618748,0.963815624529921,0.4144222231040408,0,0,0,0,be937817ecb36edf3259b5b621c0ff0394e76e1bf122067b9ab2e8cfd167719a,2a352e14cdabc828f6a4e87153bf8fe4a872bef4e58b0b5da502570b2b23cd0e
synthetic45,synthetic45,synthetic_test_040,SASB-candidate,sasb,20260513,576,120,76.26388888888889,0.45703825910161366,0.6646891524754424,0.6646891524754424,0.2250362014801112,0.9767947526852048,0.0,0,0,0,0,f3b1eb69da5ad5322735bbae95e245248591d7f18ac8d27564bfb05809011f11,2a352e14cdabc828f6a4e87153bf8fe4a872bef4e58b0b5da502570b2b23cd0e
synthetic45,synthetic45,synthetic_test_040,Structure-matched-candidate,structure_matched,20260513,576,120,76.73784722222223,0.45158641885732315,0.6696436415898223,0.6696436415898223,0.21735079883271122,0.9769392725943852,0.0,44201,0,0,0,2ed0875ad02eb95c45202de3927618e2fe7a1bab1705393dd80225d729921b2a,2a352e14cdabc828f6a4e87153bf8fe4a872bef4e58b0b5da502570b2b23cd0e
synthetic45,synthetic45,synthetic_test_041,Random-size-matched-candidate,random_size_matched,20260513,607,123,79.10214168039539,0.41750258416083597,0.2878876670393016,0.2878876670393016,0.2199100802786064,0.9446368954356639,0.44644512486456867,0,0,0,0,26d0561c5294a043841985b34a1e7603523e896aa5229480c6dcf9f59423386a,0306e4cb9f9965fdc2c04e7269682eeb28f635e00268c0cc07063f000e050df5
synthetic45,synthetic45,synthetic_test_041,SASB-candidate,sasb,20260513,607,123,76.12026359143327,0.45344713241360013,0.6245402543913162,0.6245402543913162,0.23891030970557892,0.9980062924479235,0.0,0,0,0,0,76ffd6b7e8eaa79007ac944aba8bc9d2b44f76f2c8b0fa1d65d609d2e35fb081,0306e4cb9f9965fdc2c04e7269682eeb28f635e00268c0cc07063f000e050df5
synthetic45,synthetic45,synthetic_test_041,Structure-matched-candidate,structure_matched,20260513,607,123,78.15980230642504,0.4394172659156472,0.6707840299208764,0.6707840299208764,0.216430056409728,0.9982378754069442,0.0,47443,0,0,0,98fb9bbaa71cb0a15fb7c55fe46d3189d6e8c47a76c96da9d77747af25b837ab,0306e4cb9f9965fdc2c04e7269682eeb28f635e00268c0cc07063f000e050df5
synthetic45,synthetic45,synthetic_test_042,Random-size-matched-candidate,random_size_matched,20260513,630,122,64.43015873015872,0.5618247058228277,0.1479281375379846,0.1479281375379846,0.1632595641024594,0.4006127396755687,0.31749640072603275,0,0,0,0,6d3a0d4c13ce87a64bd6058a8dd3ec32b33849fdd494df529bb9808a3006c09d,a8aa786b2a28ce89ea9e3a12782e40305c4b81c4be626dbfd6b26cb55c1b3ece
synthetic45,synthetic45,synthetic_test_042,SASB-candidate,sasb,20260513,630,122,69.45873015873016,0.5096759455114505,0.3604424706067507,0.3604424706067507,0.1733774437304895,0.6256799962917964,0.0,0,0,0,0,c10948d4dd0bacd0942e80d289abd331b683a30bbfa319873d0f1e18901d62dd,a8aa786b2a28ce89ea9e3a12782e40305c4b81c4be626dbfd6b26cb55c1b3ece
synthetic45,synthetic45,synthetic_test_042,Structure-matched-candidate,structure_matched,20260513,630,122,66.59206349206349,0.5452393759648811,0.3543435530085815,0.3543435530085815,0.16499151011777488,0.5772486407481346,0.0,41953,0,0,0,0b0ff0c3565762a748c02fd9cbb6084c7b5163d274aaf98f1735dbd6fc5d934f,a8aa786b2a28ce89ea9e3a12782e40305c4b81c4be626dbfd6b26cb55c1b3ece
synthetic45,synthetic45,synthetic_test_043,Random-size-matched-candidate,random_size_matched,20260513,392,99,59.2780612244898,0.5531665059815406,0.2092763815543719,0.2092763815543719,0.30815226939232543,0.9735240419877709,0.30722566435956966,0,0,0,0,59e1e95685f6a24725135054c523af05d10065844011cc4d827e02120e08b72c,1f98455bcdbb870a42cf796bc0fe4e03334856b33890c834c76d31746c68f81c
synthetic45,synthetic45,synthetic_test_043,SASB-candidate,sasb,20260513,392,99,57.35459183673469,0.5689311741589638,0.46447694279742446,0.46447694279742446,0.3194190301335679,0.9963481234016949,0.0,0,0,0,0,91d6ef5495b39c64924f84fb21dc687cef4a310cb41e0b216d2e3d47b7bd592f,1f98455bcdbb870a42cf796bc0fe4e03334856b33890c834c76d31746c68f81c
synthetic45,synthetic45,synthetic_test_043,Structure-matched-candidate,structure_matched,20260513,392,99,58.62755102040816,0.5625350631322332,0.47942532329522713,0.47942532329522713,0.29662548780476206,0.9961949350299633,0.0,22982,0,0,0,4d8ee8f179031ea6f2928f9586d91bf61da6fa47423aaa039afa0f81537e1988,1f98455bcdbb870a42cf796bc0fe4e03334856b33890c834c76d31746c68f81c
synthetic45,synthetic45,synthetic_test_044,Random-size-matched-candidate,random_size_matched,20260513,377,95,62.84084880636605,0.510440999763917,0.28890955157969683,0.28890955157969683,0.2661578757265948,0.9960103455829838,0.31806216277969696,0,0,0,0,06e9269a85878e2c8cc0409b22141a95a9b7b077d9e01299e86b851658ee51a5,9ae7f78b6ff6b8f17a32bdce1a6ecf20510cb12bd030b4e35635ac075fc5f41f
synthetic45,synthetic45,synthetic_test_044,SASB-candidate,sasb,20260513,377,95,59.15384615384615,0.5420871796194205,0.5659782594852112,0.5659782594852112,0.2914265725234089,0.9999698577284785,0.0,0,0,0,0,9d71d80e16821cb9f00eedcb27e3686e7fd56e9fda2a592578662d91d05db491,9ae7f78b6ff6b8f17a32bdce1a6ecf20510cb12bd030b4e35635ac075fc5f41f
synthetic45,synthetic45,synthetic_test_044,Structure-matched-candidate,structure_matched,20260513,377,95,59.811671087533156,0.5407984069979609,0.5829855209250681,0.5829855209250681,0.27739327883879483,1.0,0.0,22549,0,0,0,2c742b208dfa909fb3903964f5a5d7d6af9bb0710c0cf918bdf8380bbc0ba9c5,9ae7f78b6ff6b8f17a32bdce1a6ecf20510cb12bd030b4e35635ac075fc5f41f
